2016/10/14 17:00,宇宙国家「アスガルディア」構想が始動：軌道上から地球を防衛、国民も ...,ロシアや米国など4カ国の宇宙開発専門家らのグループが、衛星軌道上に独立国家「 アスガルディア」を建設する構想を発表した。米ニュースメディアのビジネスインサイダー などが報じている。,Newsweek,http://www.newsweekjapan.jp/stories/world/2016/10/post-6038.php
2016/12/1 20:00,7年後はマイルで宇宙へ？ ANAとHIS、有人宇宙機運航に支援 …,１２月１日、ＡＮＡホールディングスと旅行大手のエイチ・アイ・エス（ＨＩＳ）は、国内唯一の 有人宇宙機開発会社ＰＤエアロスペース（名古屋市）に出資し、宇宙旅行などの実現に 向けて民間主導による宇宙機開発を進めると発表した。写真は千歳 …,Newsweek,http://www.newsweekjapan.jp/stories/world/2016/12/anahis.php
2016/12/2 0:00,宇宙飛行士の視覚障害の謎解明か、障害は不可避？,長期間の宇宙滞在を終えて視覚障害に悩まされる宇宙飛行士を詳しく調べた結果、脳脊髄液が眼球を後ろから押しつぶしてしまう可能性があることが明らかになった。,National Geographic,http://natgeo.nikkeibp.co.jp/atcl/news/16/120200462/
2016/12/8 0:00,土星探査機カッシーニ、最終ミッションを開始,2017年9月の土星突入の前に、NASAの土星探査機カッシーニが最終ミッションの一環である土星の環への接近を開始した。,National Geographic,http://natgeo.nikkeibp.co.jp/atcl/news/16/120700471/
2016/12/15 0:00,地球で「火星」を体験できる場所6選,砂漠で、洞窟で、水中で・・・世界各地にある宇宙生活を想定した実験施設を紹介する。,National Geographic,http://natgeo.nikkeibp.co.jp/atcl/news/16/121400481/
2016/12/16 17:56,宇宙開発は六次産業化を目指せ | ワールド | 最新記事 | ニューズウィーク ...,先日、ある取材を受けている最中に出てきたアイディアだが、なかなか面白い思いつきだ と思ったので、少しここにメモを残しておきたい。このアイディアは北海道における宇宙 開発についての取材の中で思いついたものだが、日本全体にも敷衍 ...,Newsweek,http://www.newsweekjapan.jp/stories/world/2016/12/post-6557.php
2017/1/6 0:00,2017年、絶対に見たい天体ショー7選,息をのむ日食に彗星の来訪、惑星の接近。今年も心躍る天文現象が待っている。今からカレンダーにチェックを入れておこう！,National Geographic,http://natgeo.nikkeibp.co.jp/atcl/news/17/010500001/
2017/1/6 13:57,宇宙基地に日本の電池設置,国際宇宙ステーションの主電源となる新型バッテリー設置のため、米航空宇宙局（ＮＡＳＡ）の飛行士２人が６日、船外活動を実施した。,swissinfo.ch,http://www.swissinfo.ch/jpn/%E5%AE%87%E5%AE%99%E5%9F%BA%E5%9C%B0%E3%81%AB%E6%97%A5%E6%9C%AC%E3%81%AE%E9%9B%BB%E6%B1%A0%E8%A8%AD%E7%BD%AE/42815654
2017/1/7 0:00,【解説】謎の高速電波バーストの発生源を特定,謎の強力な電波バーストの発生源がついに特定された。この現象の解明への手がかりとなることが期待される。,National Geographic,http://natgeo.nikkeibp.co.jp/atcl/news/17/010600002/
2017/1/11 0:00,火星から見た地球と月の写真をNASAが公開,さまざまな宇宙探査機が撮影した写真から、地球と月が一緒に写っている写真を集めてみた。宇宙からとらえた地球の姿が見えてくる。,National Geographic,http://natgeo.nikkeibp.co.jp/atcl/news/17/011000006/
2017/1/11 0:00,ブラックホールは食べ残しを投げ捨てるとの新説,新たなシミュレーションによると、銀河系の中心にある大質量ブラックホールは、近くを通りかかった星をずたずたに引き裂き、丸まった残骸を遠くに投げているとい…,National Geographic,http://natgeo.nikkeibp.co.jp/atcl/news/16/b/011000045/
2017/1/17 0:00,まるで地球、衛星タイタンの驚くべき写真,もやに包まれた土星の衛星タイタンの表面には多くの湖があり、雨が降り、風も吹いている。,National Geographic,http://natgeo.nikkeibp.co.jp/atcl/news/17/011600013/
2017/1/30 12:45,NASA、「リアル宇宙兄弟」のデータから長い宇宙生活が人におよぼす影響を確認。,NASAが、長期に宇宙滞在する人体においてDNAメチル化が低下することがわかったと発表しました,livedoor NEWS,http://news.livedoor.com/article/detail/12607326/
2017/1/31 0:00,宇宙から見た地球と雲の最新鮮明画像9点,米国の次世代気象衛星GOES-16が最初に撮影した高解像度画像は、ダイナミックな地球の姿を鮮明に見せてくれる。,National Geographic,http://natgeo.nikkeibp.co.jp/atcl/news/17/013000030/
2017/2/1 0:00,太陽系外の恒星を回る4惑星、貴重な動画が公開,遠く離れた惑星系の動きを追った数年分の画像から、神秘的な動画が誕生した,National Geographic,http://natgeo.nikkeibp.co.jp/atcl/news/17/013100033/
2017/2/5 15:55,宇宙長期滞在で細胞の老化に変化？,国際宇宙ステーション（ＩＳＳ）に長期滞在した米飛行士の心身に関する詳細なデータを、 地球上にいた一卵性双生児の兄弟を比較するなどして分析した初期結果が５日までに 報告された。,Cable News Network,https://www.cnn.co.jp/fringe/35096087.html
2017/2/6 0:00,太陽系外惑星へ探査機を送る新手法、科学者が提唱,地球から最も近い恒星プロキシマ・ケンタウリとその惑星まで、石けんサイズの宇宙船を送り込もうという新たなプロジェクトが提案された。,National Geographic,http://natgeo.nikkeibp.co.jp/atcl/news/17/020300039/
2017/2/9 17:36,人工的に流れ星を発生させる人類初の計画が始動 2019年広島県で開催予定,人工衛星から「流れ星の素」を放出し、夜空に流れ星を人工的に発生させる「SHOOTING STAR challenge」プロジェクトが始動します。,livedoor NEWS,http://news.livedoor.com/article/detail/12652664/
2017/2/13 15:00,多剤耐性菌「MRSA」をロケットで打ち上げへ：宇宙で突然変異を実験 ...,起業家のイーロン・マスク氏が率いる米民間宇宙企業スペースXは2月14日、同社の ロケット「ファルコン9」を打ち上げる。ロケットには多剤耐性菌として知られるメチシリン 耐性黄色ブドウ球菌（MRSA）を積載し、実験のため国際宇宙 ...,Newsweek,http://www.newsweekjapan.jp/stories/world/2017/02/mrsa-1.php
2017/2/18 15:41,NASAの「宇宙うんちチャレンジ」、最優秀賞は？,米航空宇宙局（ＮＡＳＡ）は１８日までに、最大６日間にわたり宇宙服を着続けた 場合の排せつ物の処理方法について解決策を募る「宇宙うんちチャレンジ」の受賞者を 発表した,Cable News Network,https://www.cnn.co.jp/fringe/35096798.html
2017/2/19 16:02,ロケット打ち上げ成功、世界最多の１０４基の衛星搭載　印,インドの宇宙開発当局は１９日までに、打ち上げたロケット１基から人工衛星計１０４個の 大量放出に成功したと発表した。ロシアが２０１４年に実現させた衛星３７個の切り離しを 大幅に更新する最多記録としている。 インドは近年、宇宙開発で ...,Cable News Network,https://www.cnn.co.jp/tech/35096812.html
2017/2/20 0:00,太陽から奇妙な放射線、原因は裏側にあった,NASAの宇宙望遠鏡が、太陽の裏側で発生した大規模なフレアに伴うガンマ線を、太陽の地球側で捉えることに成功した。,National Geographic,http://natgeo.nikkeibp.co.jp/atcl/news/16/b/021700057/
2017/2/20 14:12,スペースX、NASAのケネディ宇宙センターからISS補給船打ち上げ ...,２月１９日、米民間宇宙企業スペースＸは、米フロリダ州にある米航空宇宙局（ＮＡＳＡ）の ケネディ宇宙センターから、国際宇宙ステーション（ＩＳＳ）への物資を積んだ無人宇宙船「 ドラゴン」をファルコン９ロケットで打ち上げた（２０１７年 ...,Newsweek,http://www.newsweekjapan.jp/stories/world/2017/02/nasaiss.php
2017/2/23 17:30,人類共通の目標に大きな一歩、NASAが地球と似た惑星を7つ発見 …,NASA（米航空宇宙局）は水曜、地球に似た7つの惑星が太陽系に近い恒星を周回して いると発表した。なかでも最大の注目は、少なくとも3つの惑星が、水が液体で存在 できるなど生物の生息に適した条件が整った「ハビタブルゾーン」に位置 …,Newsweek,http://www.newsweekjapan.jp/stories/world/2017/02/nasa7.php
2017/3/3 0:00,【解説】月周回旅行、スペースXの実現力は？,米スペースX社が、民間人2人を乗せた月への有人飛行を2018年中に行うと発表した。1972年以来の月への旅は実現するのか、行き方や実績を解説する。,National Geographic,http://natgeo.nikkeibp.co.jp/atcl/news/16/c/030200031/
2017/3/10 0:00,UFOみたいな土星の衛星、NASA探査機が撮影,NASAの土星探査機カッシーニが、土星の環のすき間に潜む小さなUFOのような衛星「パン」の撮影に成功した。,National Geographic,http://natgeo.nikkeibp.co.jp/atcl/news/17/031000091/
2017/3/10 17:00,宇宙空間では人体に何が起こるのか＜1＞ＮＡＳＡで進む研究,米航空宇宙局（ＮＡＳＡ）は５０年以上にわたる有人宇宙飛行の歴史を持ち、 無重力空間が人体に及ぼす影響に精通している。だが将来の火星探査を見据えた人体 研究プログラム（ＨＲＰ）ではそのさらに先を行き、宇宙環境が人間の ...,Cable News Network,https://www.cnn.co.jp/fringe/35089673.html
2017/3/11 9:00,宇宙空間では人体に何が起こるのか＜２＞　専用マシンで健康維持へ,将来の火星探査を見据えた米航空宇宙局（ＮＡＳＡ）の人体研究プログラム（ ＨＲＰ）の国際科学部門で副責任者を務めるジョン・チャールズ博士によれば、無重力 空間に到達すると平衡感覚をつかさどる器官や内耳がすぐにこれを感知 ...,Cable News Network,https://www.cnn.co.jp/fringe/35089678.html
2017/3/12 17:30,宇宙空間では人体に何が起こるのか＜３＞　火星探査へ向けて,宇宙飛行が人体に与える影響として近年注目されているのは、目の健康への 作用だ。ケリー氏ら４０歳代後半から５０歳代の飛行士は、視力が若干変化したとの不調 を訴えた。宇宙滞在中に眼鏡が必要になった飛行士もいる,Cable News Network,https://www.cnn.co.jp/fringe/35089679.html
2017/3/21 15:30,彗星表面で崖崩れ,世界で初めて小型機が着陸したチュリュモフ・ゲラシメンコ彗星の表面で２０１５年、大規模な崖崩れが発生した,swissinfo.ch,http://www.swissinfo.ch/jpn/%E5%BD%97%E6%98%9F%E8%A1%A8%E9%9D%A2%E3%81%A7%E5%B4%96%E5%B4%A9%E3%82%8C/43046964
2017/3/23 0:00,トランプ政権で消える？ NASA４つのミッション,米トランプ政権が発表した2018年度の予算案で、NASAの地球科学プログラムの予算が大幅に削減されることが判明した。,National Geographic,http://natgeo.nikkeibp.co.jp/atcl/news/17/032200103/
2017/3/23 0:00,【解説】地球に似た7惑星を発見、生命に理想的,太陽系からわずか39光年のところに、7つの地球型惑星が見つかった。1つの恒星の周りを回っていて、液体の水が存在する可能性がある。,National Geographic,http://natgeo.nikkeibp.co.jp/atcl/news/17/022300069/
2017/3/24 18:45,深宇宙探査、物理学の限界を超えて＜１＞　人類はどこまで行けるのか,遥かかなたにあるため、現在われわれが持つ技術ではそこに到達するのに２４００世代 かかる場所を想像してほしい。そこはケンタウルス座アルファ星だが、実はそれが地球 から最も近い恒星となる。 １９７０年代に打ち上げられた無人惑星探査 ...,Cable News Network,https://www.cnn.co.jp/fringe/35098685.html
2017/3/25 9:00,深宇宙探査、物理学の限界を超えて＜２＞　反物質エンジン,複数の民間企業も火星探査ミッションを推進している。宇宙開発企業「スペース Ｘ」の最高経営責任者（ＣＥＯ）で、電気自動車メーカー、テスラ・モーターズの会長兼 ＣＥＯでもあるイーロン・マスク氏は、２０２０年代半ばに有人火星探査 ...,Cable News Network,https://www.cnn.co.jp/fringe/35098689.html
2017/3/26 17:00,深宇宙探査、物理学の限界を超えて＜３＞　ワープ航法,仮にわれわれ自らが目的地に行けなくても、自宅から間接的に探索できるかもしれない 。 前回「深深宇宙探査、物理学の限界を超えて＜２＞ 反物質エンジン」はこちら１０億 ピクセルの高解像度を誇る宇宙望遠鏡「ガイア」がこの取り組みに貢献 ...,Cable News Network,https://www.cnn.co.jp/fringe/35092083.html
2017/3/27 0:00,地球に似た7つの惑星の間を微生物が移動？,最近発見された地球に似た7惑星の間の距離は非常に近く、ある種の生物なら惑星間の旅に耐えられることがわかった。,National Geographic,http://natgeo.nikkeibp.co.jp/atcl/news/17/032400109/
2017/3/29 10:30,困窮エジプトの無謀な宇宙開発 | ワールド | 最新記事 | ニューズウィーク ...,真新しい複合施設に入るのは新設されたエジプト宇宙局。60年代に頓挫した計画を 復活したもので、技術革新を進めて人工衛星を建造し、広大な砂漠に眠っている資源を 見つけ出すという。 民衆の支持を得た軍事クーデターで、軍トップの ...,Newsweek,http://www.newsweekjapan.jp/stories/world/2017/03/post-7271.php
2017/3/30 12:00,究極のブラックホールをつくりだす、地上で最も黒い素材とは？ | ワールド ...,米航空宇宙局（NASA）でも、2011年、摂氏750度以上で生成され、紫外線や可視光 などを99％以上吸収する素材の開発に成功しているが、『ベンタブラック』は、NASAの 素材よりも低い温度で生成できることから、より幅広い活用が期待されて ...,Newsweek,http://www.newsweekjapan.jp/stories/world/2017/03/post-7282.php
2017/4/3 0:00,木星の芸術的な最新画像、「まるでゴッホの絵」,2016年7月に木星に到着したNASAの木星探査機ジュノーが、これまでにない鮮明さで太陽系最大の惑星をとらえた。,National Geographic,http://natgeo.nikkeibp.co.jp/atcl/news/17/040300121/
2017/4/4 15:00,「宇宙兵器」の噂もある米空軍の無人機、軌道飛行記録を更新中 ...,米空軍が運用する無人宇宙機「X-37B」が現在、4度目のミッションで地球周回軌道の 飛行記録を更新中だ。2015年5 ... ボーイング社を主契約会社とし、低コストの再使用型 宇宙往還機の開発を目指すこの計画は、2004年に米国防総省の ...,Newsweek,http://www.newsweekjapan.jp/stories/world/2017/04/post-7309.php
2017/4/13 15:40,2つの銀河をつなぎ止めるダークマターが見えた！ | ワールド | 最新記事 ...,数十億光年かなたの宇宙空間で、ダークマター（暗黒物質）の無数の「糸」が2つの銀河 をつなぎ止めている——そんなドラマチックな画像が初めて公開された。目に見えない 謎の物質が織り成す巨大な網の目が宇宙をまとめていることを ...,Newsweek,http://www.newsweekjapan.jp/stories/world/2017/04/2-50.php
2017/4/14 0:00,土星の衛星エンケラドスに生命はぐくむ素材,土星探査機カッシーニによる観測から、氷の衛星エンケラドスには微生物の餌となる水素分子が豊富に存在していることが明らかになった。,National Geographic,http://natgeo.nikkeibp.co.jp/atcl/news/17/041400142/
2017/4/14 13:33,地球外生命の可能性、木星と土星の衛星が有力に　ＮＡＳＡ,米航空宇宙局（ＮＡＳＡ）は１３日、木星の衛星エウロパと土星の衛星エンケラドスについて、地球外生命が存在できる可能性が特に大きいことを裏付ける新たな証拠が見つかったと発表した。,Cable News Network,https://www.cnn.co.jp/fringe/35099802.html
2017/4/15 21:00,NASAが宇宙の彼方から不可解なほどに強力な謎のX線放射を検出,NASAのチャンドラX線観測衛星が75日間の観測作業を行っていたところ、地球から100億光年離れた位置にある観測エリアから、その銀河の全ての光量より1000倍も明るいX線が検知され、数時間後に消失するという不可解な現象が起こっていたことが報告されています。,livedoor NEWS,http://news.livedoor.com/article/detail/12940830/
2017/4/16 0:00,史上初のブラックホール撮影、成否は数カ月後,世界8カ所の天文台をつないだ仮想的な電波望遠鏡を利用する「事象の地平線望遠鏡（EHT）」プロジェクト。ブラックホールを取り巻く「事象の地平線」をより直…,National Geographic,http://natgeo.nikkeibp.co.jp/atcl/news/17/041400140/
2017/4/19 11:50,宇宙ごみ問題で「飛んでいる弾丸」は75万個 衝突時に壊滅的な被害も,ドイツ・ダルムシュタット（Darmstadt）で18日、宇宙ごみ（スペースデブリ）に関する会合が開幕し、過去60年間の宇宙探検の結果として地球の衛星軌道上に宇宙ごみがたまり、宇宙空間での任務に影響を及ぼしている問題が悪化していると警鐘を鳴らした。,livedoor NEWS,http://news.livedoor.com/article/detail/12955400/
2017/4/20 0:00,40光年先に地球似の惑星を発見、生命探しに最適,新たに発見された地球型の太陽系外惑星は、主星から近すぎも遠すぎもしない距離にあるだけでなく、既存の望遠鏡で大気の有無を確認し、地球外生命の痕跡を探れる…,National Geographic,http://natgeo.nikkeibp.co.jp/atcl/news/17/042000152/
2017/4/25 9:10,宇宙から吊り下げるビルを計画? 小惑星に建設し地球まで下す設計,エッフェル塔、エンパイア・ステート・ビルディング、ブルジュ・ハリファ...人類はその文明を誇るため、より高い建築物を作り上げてきました。「Clouds Architecture Office」が進める仮想プロジェクトも、そんな高層建築物のひとつ。ただひとつ違うのは「地上から空中」ではなく、「宇宙から地上」に向けて吊り下げる、ということ。,livedoor NEWS,http://news.livedoor.com/article/detail/12980830/
2017/4/26 0:00,土星の環から地球が見えた、NASAが写真公開,さまざまな宇宙探査機が撮影した地球と月のツーショット写真を見ると、宇宙から見た地球の姿がわかる。,National Geographic,http://natgeo.nikkeibp.co.jp/atcl/news/16/b/042500079/
2017/5/2 0:00,【解説】宇宙生命探査、次はこうなる,太陽系の近くで興味深い惑星の発見が相次いでいる。今、地球外生命探査は大胆な次の一歩を踏み出そうとしている。,National Geographic,http://natgeo.nikkeibp.co.jp/atcl/news/17/050100166/
2017/5/2 9:47,スペースX 米政府が委託した軍事衛星「NROL-76」の打ち上げに成功,米宇宙開発企業スペースX（SpaceX）は1日、米政府が委託した軍事衛星「NROL-76」の打ち上げに成功した。イーロン・マスク（Elon Musk）最高経営責任者（CEO）率いる同社が軍事目的の衛星を打ち上げたのは初めて。,livedoor NEWS,http://news.livedoor.com/article/detail/13011663/
2017/5/16 0:00,まるで「星の万華鏡」、夜空を行進する天の川を撮影,天の川が夜空に円を描くように、いくつも連なって行進している——写真家がそんな美しい写真をオーストラリア南部で撮影した。,National Geographic,http://natgeo.nikkeibp.co.jp/atcl/news/17/051600184/
2017/5/16 0:00,【動画】潜入ルポ、ソ連のスペースシャトル,冷戦時代にソ連が有翼宇宙船の建造と実験を行っていた施設に写真家が潜入した。,National Geographic,http://natgeo.nikkeibp.co.jp/atcl/news/17/051500181/
2017/5/19 17:40,宇宙の放射線からクルーを守れ | ワールド | 最新記事 | ニューズウィーク ...,銀河宇宙線は大部分が陽子だが、より重いものもあり、DNAを傷つけ、変異を 引き起こし、遺伝子転写を変える可能性がある。遺伝子転写とはDNAの遺伝情報を RNA（リボ核酸）にコピーして全身の細胞に伝えること。そのプロセスが変われ ...,Newsweek,http://www.newsweekjapan.jp/stories/world/2017/05/post-7633.php
2017/5/24 0:00,「宇宙精子」使い健康な「宇宙マウス」が誕生,宇宙に9カ月間滞在し、強い放射線をはじめ、厳しい宇宙環境にさらされたフリーズドライ精子から健康なマウスの子が誕生したことが明らかとなった。,National Geographic,http://natgeo.nikkeibp.co.jp/atcl/news/17/052400195/
2017/5/24 17:57,米で中国出身の女、宇宙技術の不法輸出で起訴 最高で禁固150年も …,2017年5月24日 ... ５月２３日、米司法省は、カリフォルニア州に住む中国出身の女（３２）が、機密の宇宙 通信技術を入手し不法に中国に輸出しようとしたとして拘束されたと発表した。写真は 司法省のロゴ。ニューヨークで２０１３年１２月撮影（２０１７年 …,Newsweek,http://www.newsweekjapan.jp/stories/world/2017/05/150-1.php
2017/5/30 6:00,NASAが消えた星を観測 超新星なくブラックホールになる可能性を発表,巨大な恒星のなかには、超新星爆発を経ずにブラックホールになるものが存在するーーそんな可能性をNASAが発見しました。,livedoor NEWS,http://news.livedoor.com/article/detail/13130825/
2017/6/1 11:52,米ＮＡＳＡ、初の太陽探査ミッション　来夏開始,米航空宇宙局（ＮＡＳＡ）は、無人探査機「パーカー・ソーラー・プローブ」を送り込んで太陽の大気を調べる初のミッションを２０１８年夏から開始する。,Cable News Network,https://www.cnn.co.jp/fringe/35102094.html
2017/6/1 16:04,太陽に最接近　ＮＡＳＡが探査機打ち上げへ,ＮＡＳＡ（米航空宇宙局）は、来年７月に太陽にこれまでで最も近い約６２０万キロの距離まで近づく探査機を打ち上げる計画を発表。,Nippon Television Network,http://www.news24.jp/articles/2017/06/01/10363081.html
2017/6/2 0:00,【図解】NASA、太陽“かすめる”探査機を投入へ,約200万℃にもなるコロナのせいで、近くから観測できなかった太陽に最接近する探査機を送る計画をNASAが発表した。,National Geographic,http://natgeo.nikkeibp.co.jp/atcl/news/17/060200205/
2017/6/5 0:00,重力波検出に成功、30億年前のブラックホール衝突,30億年前の想定外に大きいブラックホールどうしの衝突により発生した重力波が、今年になって地球に到達した。,National Geographic,http://natgeo.nikkeibp.co.jp/atcl/news/17/060500207/
2017/6/6 2:50,米宇宙服、残り１１着,国際宇宙ステーションの船外活動で飛行士の着用する宇宙服が老朽化し、近い将来足りなくなる恐れがある,swissinfo.ch,http://www.swissinfo.ch/jpn/%E7%B1%B3%E5%AE%87%E5%AE%99%E6%9C%8D-%E6%AE%8B%E3%82%8A%EF%BC%91%EF%BC%91%E7%9D%80/43235548
2017/6/6 16:00,世界最大の飛行機が初披露！空中発射プラットフォームとしてデビューへ ...,"マイクロソフトの共同創業者であるポール・ガートナー・アレン氏が創設した宇宙輸送 ベンチャー企業『ストラトローンチ・システムズ』は、地表から高度2,000キロメートルまで の、いわゆる""地球低軌道（LEO）""へのアクセス手段として、空中発射 ...",Newsweek,http://www.newsweekjapan.jp/stories/world/2017/06/post-7747.php
2017/6/9 0:00,重力レンズ使った星の重さ測定に成功、ハッブル,ハッブル宇宙望遠鏡での観測により、提唱者のアインシュタイン自身が実現の可能性はないと言っていた手法による恒星の質量の測定に成功した。,National Geographic,http://natgeo.nikkeibp.co.jp/atcl/news/17/060900215/
2017/6/9 12:42,若い星を取り巻く「生命の原料」 400光年先に発見 研究,惑星が形成される前の太陽に似た誕生間もない星の周囲で、生命に欠かせない要素とされる化学物質を初めて検出したとする2件の研究報告が8日、発表された。,AFPBB News,http://www.afpbb.com/articles/-/3131435
2017/6/15 21:41,人工衛星みちびき３号公開　災害時に期待,８月に打ち上げ予定の人工衛星「みちびき３号」の機体が１５日に公開された。,Nippon Television Network,http://www.news24.jp/articles/2017/06/15/07364385.html
2017/6/16 18:15,イーロン・マスク「火星移住は生きている間に可能だと知ってほしい ...,2002年に米民間宇宙企業スペースXを設立したマスクは、人類が火星に都市を建設 する可能性を何年も訴えてきた。スペースXは現在、2024年までに火星に有人宇宙船を 送る方針で、2030年前半の有人飛行を目指すNASA（米航空宇宙局） ...,Newsweek,http://www.newsweekjapan.jp/stories/world/2017/06/post-7815.php
2017/6/20 12:50,あなたも「宇宙独立国」の一員に、アスガルディアに２１万人が応募,宇宙空間に人類初の独立国家「アスガルディア」を建設する構想を打ち出しているロシアの科学者が、このほど香港で記者会見し、プロジェクトの第１弾となる小型衛星「アスガルディア１」を今年１２月に打ち上げて、地球の軌道に送り込む計画を発表した。,Cable News Network,https://www.cnn.co.jp/fringe/35102996.html
2017/6/20 13:21,宇宙望遠鏡ケプラー、地球サイズの惑星を新たに１０個発見,太陽系外の地球型惑星を探索している米航空宇宙局（ＮＡＳＡ）の宇宙望遠鏡「ケプラー」が、地球に似た大きさの惑星を新たに１０個発見した。,Cable News Network,https://www.cnn.co.jp/fringe/35103000.html
2017/6/23 0:00,ケプラー、新たに219個の惑星を発見,ケプラー宇宙望遠鏡は4年間の観測で4000個以上の太陽系外惑星を発見してきた。今回の発見はその一部。,National Geographic,http://natgeo.nikkeibp.co.jp/atcl/news/16/b/062300094/
2017/6/23 19:30,人類滅亡に備える人類バックアップ計画 | ワールド | 最新記事 | ニューズ ..., NASA（米航空宇宙局）は今月、太陽系にある10個の小惑星を、大きさと軌道計算に 基づいて「潜在的に危険」と分類した。 NASAは、地球付近で693個の天体を発見して いる。2013年から地球の脅威となる天体を探査しているアメリカの広域 ...,Newsweek,http://www.newsweekjapan.jp/stories/world/2017/06/post-7856.php
2017/6/26 0:00,太陽系外の巨大ミラー惑星、新手法で60個の候補,新しい探査法によって、太陽系外にある巨大な灼熱の惑星「ホット・ジュピター」の候補が60個見つかった。珍しい惑星に関する理解を深めるのに役立つはずだ。,National Geographic,http://natgeo.nikkeibp.co.jp/atcl/news/17/062600241/
2017/6/28 12:54,２０３０年に有人月面探査目指す,宇宙航空研究開発機構（ＪＡＸＡ）は２８日、２０３０年に日本人宇宙飛行士による月面探査の実現を目指す方針を明らかにした。,swissinfo.ch,http://www.swissinfo.ch/jpn/%EF%BC%92%EF%BC%90%EF%BC%93%EF%BC%90%E5%B9%B4%E3%81%AB%E6%9C%89%E4%BA%BA%E6%9C%88%E9%9D%A2%E6%8E%A2%E6%9F%BB%E7%9B%AE%E6%8C%87%E3%81%99/43294316
2017/7/2 14:44,小惑星の衝突回避へ、ＮＡＳＡが実験計画発表　２２年実施,米航空宇宙局（ＮＡＳＡ）は２日までに、地球に接近する小惑星に宇宙機を衝突させ、軌道を変えさせる実験「ＤＡＲＴ」が正式に承認されたとして、２０２２年１０月の実行に向けた計画を発表した。,Cable News Network,https://www.cnn.co.jp/fringe/35103620.html
2017/7/4 0:00,祝20周年！探査機が撮った火星の絶景写真36点,2017年7月4日は、NASA（米航空宇宙局）が送り込んだ探査車（ローバー）が火星の地表で稼働してから20年にあたる日だ。それ以降、NASAの探査機が…,National Geographic,http://natgeo.nikkeibp.co.jp/atcl/news/17/070400253/
2017/7/6 17:05,世界初となる民間の宇宙飛行士訓練センターが英国で誕生へ | ワールド ...,一般の人々でも宇宙に行ける時代が、いよいよ到来しようとしている。米国の宇宙開発 企業『スペースＸ』では、2018年に民間人2名を自社の有人飛行船『クルー・ドラゴン』に 乗せて月を往復する計画を明らかにし、世界中から注目を集めている ...,Newsweek,http://www.newsweekjapan.jp/stories/world/2017/07/post-7938.php
2017/7/7 9:31,火星表面、予想以上に「生命生存に不適」か 英研究,火星上に存在する水和塩鉱物が細菌を殺傷することを明らかにした研究結果が6日、発表された。火星の少なくとも表面での生命発見の期待を大きく打ち砕く結果だという。,AFPBB News,http://www.afpbb.com/articles/-/3134829
2017/7/7 13:02,日欧共同水星ミッション「ベピコロンボ」、探査機初公開,欧州と日本の科学者らが6日、水星探査計画「ベピコロンボ（BepiColombo）」の探査機を公開した。2018年10月の打ち上げ予定で、太陽系で最も謎の多い惑星の解明に乗り出す,AFPBB News,http://www.afpbb.com/articles/-/3134862
2017/7/7 21:43,「きぼう」から超小型衛星5機が宇宙空間へ,七夕の日の７日、国際宇宙ステーションの日本の実験棟「きぼう」から、九州工業大学の学生らが製作した超小型衛星５機が宇宙空間に放出された。,Nippon Television Network,http://www.news24.jp/articles/2017/07/07/07366445.html
2017/7/8 13:42,米軍に「宇宙軍」創設なるか　空軍上層部は必要性に疑問,米宇宙軍の創設を盛り込んだ法案が下院軍事委員会を通過し、本会議での審議を待っている。だが、空軍上層部からは組織の複雑さが増しコストがかかるなど改編の必要性を疑問視する声も出ている,Cable News Network,https://www.cnn.co.jp/usa/35103963.html
2017/7/12 16:51,海の水は宇宙からやって来た？ 私たちはまだ海を知らない | ワールド ...,＜科学エッセイと一流の写真家による105点の写真が収められた『海のミュージアム ——地球最大の生態系を探る』。想像もつかなかった世界が、未だにこの地球に存在 することを実感させられる＞. 私たちは、生命の誕生をもたらした海に ...,Newsweek,http://www.newsweekjapan.jp/stories/world/2017/07/post-7966.php
2017/7/14 0:00,木星の大赤斑を至近距離から撮影、円形に近づく,NASAの木星探査機ジュノーが上空から撮影した大赤斑の画像は、大赤斑の今後の変化を予想するのに役立つはずだ。,National Geographic,http://natgeo.nikkeibp.co.jp/atcl/news/17/071400268/
2017/7/14 6:14,「地球外生命」発見計画が発動 現在まで発見された惑星は3498個,欧州宇宙機構は6月、惑星探査ミッション「プラトー」の製作を承認した。生命のいる可能性のある惑星を1000個以上発見すると期待されている,livedoor NEWS,http://news.livedoor.com/article/detail/13335070/
2017/7/18 0:00,【動画】最も詳しい冥王星の地形、上空から体験,NASAの探査機が接近通過して撮影した冥王星の画像とデータを利用して、まるでこの星の上空を飛んでいるような映像が作成された。,National Geographic,http://natgeo.nikkeibp.co.jp/atcl/news/17/071800270/
2017/7/19 16:00,11光年離れた恒星から「独特な信号」、専門家は宇宙人説否定,米自治領プエルトリコの研究者らが、地球から11光年離れた赤色矮星（わいせい）「ロス128（Ross 128）」から発信された「独特な信号」の存在に気付いたと明らかにした。,AFPBB News,http://www.afpbb.com/articles/-/3136059
2017/7/20 9:04,ＩＳＳにカメラ内蔵のボール形ロボット、宇宙と地上を橋渡し,国際宇宙ステーション（ＩＳＳ）にこのほど、完全自律型のカメラ搭載ドローン「Ｉｎｔ—Ｂａｌｌ（イントボール）」が登場し人気を集めている。宇宙にいる飛行士と地上の科学者とのコミュニケーションの最適化を支援するという。,Cable News Network,https://www.cnn.co.jp/tech/35104440.html
2017/7/20 12:30,宇宙からのメッセージ!? 11光年先の惑星から謎の信号 | ワールド | 最新 …,宇宙からのメッセ—ジを巡る騒動はこれまでもあった。1998年、オーストラリアの パークス天文台が捉えた謎の異常信号の発信元はなかなか特定できず、宇宙人の 存在に期待を膨らませるような報道もあった。そして17年後、ついに明らかに …,Newsweek,http://www.newsweekjapan.jp/stories/world/2017/07/11-13.php
2017/7/21 10:47,Googleストリートビューが宇宙に進出 国際宇宙ステーションを探索可能に,ビューポイントは複数あり、それぞれのエリア内を動き回ることが可能,livedoor NEWS,http://news.livedoor.com/article/detail/13366224/
2017/7/22 14:59,宇宙からの「謎の信号」の正体解明 プエルトリコ大学研究所,地球から11光年離れた赤色矮星（わいせい）「ロス128（Ross 128）」から発せられた特殊な信号について今週、地球外生命体ではないかなど、さまざまな臆測が飛び交っていたが、天文学者らはついに謎を解明した。,AFPBB News,http://www.afpbb.com/articles/-/3136639
2017/7/25 19:45,NASA､衝撃波なしの「静音」超音速ジェット機を開発中。2020年テスト飛行を計画,NASAが衝撃波を発生させずに超音速飛行が可能なジェット機を開発しています。すでにスケールモデルでの風洞実験は完了しており、今後はフルスケールのデモ機開発を進めるとしています,Oath Japan KK,http://japanese.engadget.com/2017/07/25/nasa-2020/
2017/7/26 0:00,【解説】月に隠された大量の水の証拠、米研究,衛星データを使った研究から、月内部には水が広範囲に存在し、また月の火山岩は将来的に貴重な水資源として活用できる可能性があることがわかってきた。,National Geographic,http://natgeo.nikkeibp.co.jp/atcl/news/17/072600284/
2017/7/27 17:00,足元まで星空のGear VR用プラネタリウム｢HomeStar VR｣発売。NASAデータで星の位置や距離、色まで再現,セガトイズが、家庭用プラネタリウム「HOMESTAR(ホームスター)」シリーズ初のVRアプリ「HOMESTAR VR」を発売しました。サムスンのGear VR対応に対応し、税込価格は790円とお手頃です,Oath Japan KK,http://japanese.engadget.com/2017/07/27/gear-vr-homestar-vr-nasa/
2017/7/29 10:00,中国がついにブラックホールも生成へ？　世界最大の加速器を計画、引き離される日本,科学技術の躍進が続く中国で、世界最大の円形加速器を建設する動きが本格化している。計画通り２０４０年に本格稼働すれば、現代物理学への大きな貢献が期待されるが、実験の副産物としてミニブラックホールが生じる見込みもあるのだとか,産経ニュース,http://www.sankei.com/premium/news/170729/prm1707290019-n1.html
2017/7/30 19:55,『ホリエモンロケット』宇宙に届かず… 堀江氏「貴重なデータが取れた」とリベンジ誓う,ライブドアの元社長・堀江貴文氏が出資する北海道の宇宙ベンチャー「インターステラテクノロジズ」は7月30日、全長10メートルの観測ロケット「MOMO初号機」の打ち上げに失敗しました。日本初となる民間単独によるロケットの宇宙到達は、次回以降に持ち越されました。,Oath Japan KK,http://japanese.engadget.com/2017/07/30/rocket/
2017/8/1 0:00,地球は生命に適した「特別な惑星」か、研究,地球は、生命の基本要素である液体の水を保持できるという点で異色の存在だとする研究結果が7月31日、発表された。,AFPBB News,http://www.afpbb.com/articles/-/3137690
2017/8/1 0:00,土星の衛星タイタンに「ビニル製」生命の可能性,土星最大の衛星であるタイタンの湖に、ダイオウイカ360億匹分のシアン化ビニルが存在することが判明した。,National Geographic,http://natgeo.nikkeibp.co.jp/atcl/news/17/080100293/
2017/8/1 0:00,民間チームが挑む 月面探査レース,日本やインド、イスラエル、米国などの民間チームが参戦する月面探査レースは、宇宙開発の新たな時代を開くか？,National Geographic,http://natgeo.nikkeibp.co.jp/atcl/magazine/17/072100012/072100001/
2017/8/1 16:44,「癌は細胞の先祖返り」新説は癌治療の常識を変えるか | ワールド | 最新 ...,既存の癌研究の問題は明らかだと、宇宙の起源や地球外生命体についての研究で 有名なアリゾナ州立大学（ＡＳＵ）のポール・デービーズ教授は思っている。「金を費やせ ば問題を解決できると思い込んでいる」、つまりカネはつぎ込まれている ...,Newsweek,http://www.newsweekjapan.jp/stories/world/2017/08/post-8106.php
2017/8/2 0:00,初の「系外衛星」を発見か、約4000光年先の惑星,約4000光年先の巨大惑星の周りを、海王星並みの大きな衛星が回っているという、研究の途中経過が発表された。もし確認されれば、太陽系外惑星の軌道で検出さ…,National Geographic,http://natgeo.nikkeibp.co.jp/atcl/news/17/080100294/
2017/8/3 7:35,ついに天まで昇ったローマの伝説…トッティのユニを搭載のロケットが宇宙に打ち上げ,トッティ氏のユニフォームをロケットで宇宙に打ち上げることになった。2日、ローマは「ユニフォームが宇宙に打ち上げられた！」と報告した,livedoor NEWS,http://news.livedoor.com/article/detail/13423403/
2017/8/5 15:25,ＮＡＳＡ、「惑星保護官」を募集中　年俸１４００万円から,米航空宇宙局（ＮＡＳＡ）が「惑星保護官」を募集している。任務は人間やロボットの宇宙探査に際し有機成分や生物による汚染から惑星を守ることだ。,Cable News Network,https://www.cnn.co.jp/fringe/35105351.html
2017/8/5 18:00,木星の巨大な斑点 探査機が間近で捉えた画像データをNASAが公開,木星の「巨大な赤斑」を探査機が間近で捉えた画像をNASAが公開した。探査機は木星の雲の約9000km上を飛び、その模様をいくつか写真に収めた,livedoor NEWS,http://news.livedoor.com/article/detail/13435398/
2017/8/6 18:00,NASAが「惑星保護官」を募集　9歳の子からかわいらしい応募のお手紙が届く,米航空宇宙局（NASA）が惑星保護官（Planetary Protection Officer）を募集したところ、9歳の男の子から応募の手紙が来たことが海外で話題を呼んでいます。,ITmedia,http://nlab.itmedia.co.jp/nl/articles/1708/06/news025.html
2017/8/7 10:30,宇宙旅客機VSS Unity､ロケット推進の前段階試験を成功。商業宇宙旅行目指し着実にテストを重ねる,ヴァージン・ギャラクティックが、宇宙旅客機VSS Unityの6度めとなる滑空試験を成功させました。,Oath Japan KK,http://japanese.engadget.com/2017/08/06/vss-unity/
2017/8/7 17:08,宇宙初期から存在 地球から2283万光年先で発見された銀河の化石,"東北大学と国立天文台の共同研究チームは、すばる望遠鏡の超広視野主焦点カメラ Hyper Suprime-Cam(ハイパー・シュプリーム・カム)を利用し、地球から2,283万光年の先にある渦巻銀河「NGC4631」、通称「クジラ銀河」において、2つの恒星ストリームと11の矮小銀河からなる13の「銀河の化石」を発見したと発表した。",livedoor NEWS,http://news.livedoor.com/article/detail/13442809/
2017/8/8 18:45,ブラックホールと中性子星の合体をシミュレート。｢その時何が起こるか｣を将来の観測実現に活用,米ローレンス・バークレー国立研究所が、中性子星がブラックホールに取り込まれる様子をコンピューターシミュレーションで再現した研究を発表しました,Oath Japan KK,http://japanese.engadget.com/2017/08/08/blackhole-neutron/
2017/8/9 0:00,海王星に巨大嵐が出現、サイズは地球並み,海王星の赤道付近に巨大な嵐が出現した。赤道付近でこれほど巨大な嵐が見られたのは初めて。,National Geographic,http://natgeo.nikkeibp.co.jp/atcl/news/16/b/080800104/
2017/8/11 0:00,小惑星、10月中旬に地球最接近 衝突の恐れなし,欧州宇宙機関（ESA）は10日、家1軒ほどの大きさの小惑星が10月12日、地球に接近すると発表した。,AFPBB News,http://www.afpbb.com/articles/-/3138899
2017/8/11 17:30,土星探査機カッシーニの｢Grand Finale｣､残る接近観測は5回。最後の大気圏突入は壊れるまでデータ送信,土星探査機カッシーニがこの4月から実施している最終ミッション「Grand Finale」。土星の輪の内側に入るような楕円軌道を周回するこのミッションも、ラスト5周の大詰めとなりました。,Oath Japan KK,http://japanese.engadget.com/2017/08/11/grand-finale-5/
2017/8/14 17:30,TRAPPIST-1の惑星系は太陽系よりも古いと判明。生命には厳しい環境も､存在可能性は否定せず,太陽系から約39光年離れたところにある赤色矮星TRAPPIST-1は、今年2月に7つもの惑星を持つ太陽系によく似た恒星系であることがわかりました,Oath Japan KK,http://japanese.engadget.com/2017/08/14/trappist-1/
2017/8/22 19:00,99年ぶりの米国横断 日本の太陽観測衛星が捉えた「皆既日食」の神秘,米国を横断した「皆既日食」の神秘的な瞬間を、日本の太陽観測衛星「ひので」が捉えた,livedoor NEWS,http://news.livedoor.com/article/detail/13506310/
2017/8/23 0:00,火星では夜に激しい雪が降る、研究成果,火星の北極では、夏の夜に吹雪が発生するという研究成果が、学術誌『Nature Geoscience』に発表された。,National Geographic,http://natgeo.nikkeibp.co.jp/atcl/news/17/082300317/
2017/8/24 13:45,火星で雪、海王星でダイヤモンドの雨　惑星の気象を科学で予測,火星の赤い大地の上に降る雪や、青い海王星に降り注ぐダイヤモンドの雨——。そんな気象条件について予測する研究結果が、このほど相次いで科学誌ネイチャーに発表された,Cable News Network,https://www.cnn.co.jp/fringe/35106258.html
2017/8/25 15:35,ニコンが捉えた宇宙からのタイムラプス、NASAにニコンD5を53台供給,この動画は、ニコンのカメラが宇宙から地球の様子を捉えたタイムラプス映像です。同社は8月25日、デジタル一眼レフ「ニコンD5」をNASAに納入、地上訓練や国際宇宙ステーション（ISS）内外での撮影機材になる予定と発表しました。,Oath Japan KK,http://japanese.engadget.com/2017/08/25/nasa-d5-53/
2017/8/28 10:54,天王星や海王星で降る「ダイヤモンドの雨」地球上での再現に成功,水素と炭素の混合物の中で衝撃波を形成し、天王星型惑星内部の環境を再現,livedoor NEWS,http://news.livedoor.com/article/detail/13530474/
2017/8/29 8:00,SpaceXが発表した「新型宇宙服」が教えてくれる、宇宙開発とデザインの多様性,民間企業が続々と発表する新型宇宙服のデザイン。宇宙を目指す企業が増えるにつれ、各社が提供するツールのデザインも多様化していく。宇宙開発におけるデザインの領域は、まだまだ未開拓の領域だ,wired.jp,https://wired.jp/2017/08/29/space-x-spacesuit/
2017/8/29 19:03,金星赤道にジェット気流＝探査機あかつきで発見−ＪＡＸＡ・北大,宇宙航空研究開発機構（ＪＡＸＡ）と北海道大などの研究チームは２９日、金星探査機「あかつき」の観測データから、金星赤道付近の大気の中低層（高度約４５〜５５キロ）で未知のジェット気流を発見したと発表した。,JIJI PRESS,https://www.jiji.com/jc/article?k=2017082901093&g=soc
2017/8/30 0:00,金星の大気循環再現システムを開発、「あかつき」データの利活用が可能に,金星の大気の流れをコンピューターシミュレーションする大循環モデルに、観測データを融合させるシステムが世界で初めて開発された。「あかつき」による観測データの利活用で金星の謎の解明が進むと期待される。,AstroArts,https://www.astroarts.co.jp/article/hl/a/9339_venus
